{
	"class_name" : "PinholeCameraParameters",
	"extrinsic" : 
	[
		0.93585671134429316,
		-0.28223659060159317,
		-0.21098512449325213,
		0.0,
		0.32833328268197026,
		0.91580693768718058,
		0.23128966333865883,
		0.0,
		0.12794323473762043,
		-0.28572742222197961,
		0.94973173521540111,
		0.0,
		-4.5957525934047538,
		7.3274350728342412,
		3.6732956216362007,
		1.0
	],
	"intrinsic" : 
	{
		"height" : 1016,
		"intrinsic_matrix" : 
		[
			879.88181024498977,
			0.0,
			0.0,
			0.0,
			879.88181024498977,
			0.0,
			923.5,
			507.5,
			1.0
		],
		"width" : 1848
	},
	"version_major" : 1,
	"version_minor" : 0
}